name,id
国泰君安,1
招商证券,2
中金公司,3
宏源证券,4
上海证券,5
德邦证券,6
金元证券,7
日信证券,8
浙商证券,9
德意志银行,10
中邮证券,11
财通证券,12
财富里昂,13
Citigroup,14
湖南金证,15
财达证券,16
京华山一,17
申银万国,18
金信研究,19
江南证券,20
中信证券,21
华泰联合,22
国联证券,23
渤海证券,24
国信证券,25
中信建投,26
金通证券,27
北京高华证券,28
东莞证券,29
瑞银证券,30
华龙证券,31
华安证券,32
川财证券,33
Macquarie,34
DBS,35
梧桐公会,36
新鸿基集团,37
银河国际,38
新疆证券,39
东吴证券,40
中关村证券,41
KGI,42
民族证券,43
太平洋证券,44
信达证券,45
新时代证券,46
恒泰证券,47
华林证券,48
华融证券,49
摩根大通,50
天风证券,51
Deutsche Bank,52
元大证券(香港),53
红塔证券,54
农银国际,55
网信证券,56
长江证券,57
东方证券,58
群益证券,59
安信证券,60
东海证券,61
大通证券,62
东兴证券,63
齐鲁证券,64
高华证券,65
开源证券,66
众成证券,67
华鑫证券,68
长城国瑞证券,69
交银国际,70
西部证券,71
兴业证券,72
平安证券,73
国金证券,74
华泰证券,75
南京证券,76
香港中信研究,77
成都证券,78
凯基证券,79
中投证券,80
爱建证券,81
山西证券,82
民生证券,83
华宝证券,84
摩根大通(香港),85
首创证券,86
HSBC,87
Merrill Lynch,88
申万宏源,89
华金证券,90
国开证券,91
联合证券,92
江海证券,93
世纪证券,94
国海证券,95
国都证券,96
里昂证券,97
英大证券,98
Morgan Stanley,99
华信证券,100
BNP,101
联储证券,102
光大证券,103
天同证券,104
中银国际,105
银河证券,106
中原证券,107
湘财证券,108
东北证券,109
第一创业,110
大同证券,111
航天证券,112
中山证券,113
广证恒生,114
联讯证券,115
Jefferies,116
中泰证券,117
金英证券(香港),118
Goldman Sachs,119
建银国际,120
东方财富证券,121
中信建投国际,122
九州证券,123
海通证券,124
华夏证券,125
西南证券,126
大鹏证券,127
广发证券,128
长城证券,129
方正证券,130
财富证券,131
国元证券,132
国盛证券,133
广州证券,134
远东证券,135
万联证券,136
华创证券,137
中航证券,138
厦门证券,139
湖南金证投资,140
JP Morgan,141
辉立证券(香港),142
富邦投顾,143
Credit Suisse,144
